"PathwayID","Description","GeneRatio","GeneIDs","pvalue","p.adjust","qvalue"
"R-SCE-3322077","Glycogen synthesis","3/7","855131/850962/850569",1.4524561387353e-05,0.000276239540563477,0.000157505001198474
"R-SCE-8982491","Glycogen metabolism","3/7","855131/850962/850569",2.30199617136231e-05,0.000276239540563477,0.000157505001198474
"R-SCE-71387","Metabolism of carbohydrates","4/7","855131/850962/856804/850569",0.000165467613970041,0.00132374091176033,0.000754764554951066
"R-SCE-3371497","HSP90 chaperone cycle for steroid hormone receptors (SHR) in the presence of ligand","2/7","852203/856840",0.00106635000512444,0.0051184800245973,0.00291843159297214
"R-SCE-3371568","Attenuation phase","2/7","852203/856840",0.00106635000512444,0.0051184800245973,0.00291843159297214
"R-SCE-3371453","Regulation of HSF1-mediated heat shock response","2/7","852203/856840",0.0024410592493715,0.00933434947409829,0.00532221680540692
"R-SCE-3371571","HSF1-dependent transactivation","2/7","852203/856840",0.002722518596612,0.00933434947409829,0.00532221680540692
"R-SCE-3371556","Cellular response to heat stress","2/7","852203/856840",0.00721884132040442,0.0216565239612133,0.0123480180480602
